{
	"command.clone": "Clona",
	"command.init": "Inizializza repository",
	"command.refresh": "Aggiorna",
	"command.openChange": "Apri modifiche",
	"command.openFile": "Apri file",
	"command.stage": "Prepara modifiche per commit",
	"command.stageAll": "Prepara tutte le modifiche per commit",
	"command.stageSelectedRanges": "Prepara per il commit intervalli selezionati",
	"command.revertSelectedRanges": "Ripristina intervalli selezionati",
	"command.unstage": "Annulla preparazione modifiche per commit",
	"command.unstageAll": "Annulla preparazione di tutte le modifiche per commit",
	"command.unstageSelectedRanges": "Annulla preparazione per il commit di intervalli selezionati",
	"command.clean": "Rimuovi modifiche",
	"command.cleanAll": "Rimuovi tutte le modifiche",
	"command.commit": "Commit",
	"command.commitStaged": "Esegui commit dei file preparati",
	"command.commitStagedSigned": "Esegui commit dei file preparati (approvazione)",
	"command.commitAll": "Esegui commit di tutto",
	"command.commitAllSigned": "Esegui commit di tutto (approvazione)",
	"command.undoCommit": "Annulla ultimo commit",
	"command.checkout": "Estrai in...",
	"command.branch": "Crea ramo...",
	"command.deleteBranch": "Elimina ramo...",
	"command.pull": "Esegui pull",
	"command.pullRebase": "Esegui pull (Riassegna)",
	"command.push": "Esegui push",
	"command.pushTo": "Esegui push in...",
	"command.sync": "Sincronizza",
	"command.publish": "Pubblica ramo",
	"command.showOutput": "Mostra output GIT",
	"config.enabled": "Indica se GIT è abilitato",
	"config.path": "Percorso dell'eseguibile di GIT",
	"config.autorefresh": "Indica se l'aggiornamento automatico è abilitato",
	"config.autofetch": "Indica se il recupero automatico è abilitato",
	"config.enableLongCommitWarning": "Indica se visualizzare un avviso in caso di messaggi di commit lunghi",
	"config.confirmSync": "Conferma prima di sincronizzare i repository GIT",
	"config.countBadge": "Controlla il contatore delle notifiche git. Con `all` vengono conteggiate tutte le modifiche. Con `tracked` vengono conteggiate solo le revisioni. Con `off` il contatore è disattivato.",
	"config.checkoutType": "Controlla il tipo di branch mostrati eseguendo il comando `Checkout in...`. `all` mostra tutti i refs, `local` mostra solamente i branch locali, `tags` mostra solamente i tag e `remote` mostra solamente i branch remoti.",
	"config.ignoreLegacyWarning": "Ignora l'avvertimento legacy di Git",
	"config.ignoreLimitWarning": "Ignora il messaggio di avviso quando ci sono troppi cambiamenti in un repository",
	"config.defaultCloneDirectory": "Il percorso predefinito dove clonare un repository GIT",
	"config.enableSmartCommit": "Eseguire il commit di tutte le modifiche quando non ci sono cambiamenti in stage."
}