{
	"command.clone": "Klonen",
	"command.init": "Repository initialisieren",
	"command.refresh": "Aktualisieren",
	"command.openChange": "Änderungen öffnen",
	"command.openFile": "Datei öffnen",
	"command.stage": "Änderungen bereitstellen",
	"command.stageAll": "Alle Änderungen bereitstellen",
	"command.stageSelectedRanges": "Gewählte Bereiche bereitstellen",
	"command.revertSelectedRanges": "Ausgewählte Bereiche zurücksetzen",
	"command.unstage": "Bereitstellung der Änderungen aufheben",
	"command.unstageAll": "Bereitstellung aller Änderungen aufheben",
	"command.unstageSelectedRanges": "Bereitstellung gewählter Bereiche aufheben",
	"command.clean": "Änderungen verwerfen",
	"command.cleanAll": "Alle Änderungen verwerfen",
	"command.commit": "Commit",
	"command.commitStaged": "Commit bereitgestellt",
	"command.commitStagedSigned": "Bereitgestelltes committen (unterzeichnet)",
	"command.commitAll": "Commit für alle ausführen",
	"command.commitAllSigned": "Alle committen (abgemeldet)",
	"command.undoCommit": "Letzten Commit rückgängig machen",
	"command.checkout": "Auschecken an...",
	"command.branch": "Branch erstellen...",
	"command.deleteBranch": "Branch löschen...",
	"command.pull": "Pull",
	"command.pullRebase": "Pull (Rebase)",
	"command.push": "Push",
	"command.pushTo": "Push zu...",
	"command.sync": "Synchronisierung",
	"command.publish": "Branch veröffentlichen",
	"command.showOutput": "Git-Ausgabe anzeigen",
	"config.enabled": "Gibt an, ob Git aktiviert ist.",
	"config.path": "Der Pfad zur ausführbaren Git-Datei.",
	"config.autorefresh": "Gibt an, ob die automatische Aktualisierung aktiviert ist.",
	"config.autofetch": "Gibt an, ob automatischer Abruf aktiviert ist.",
	"config.enableLongCommitWarning": "Gibt an, ob Warnungen zu langen Commitnachrichten erfolgen sollen.",
	"config.confirmSync": "Vor dem Synchronisieren von Git-Repositorys bestätigen.",
	"config.countBadge": "Steuert die Git-Badgeanzahl. \"Alle\" zählt alle Änderungen. \"tracked\" (Nachverfolgt) zählt nur die nachverfolgten Änderungen. \"off\" (Aus) deaktiviert dies.",
	"config.checkoutType": "Steuert, welcher Branchtyp beim Ausführen von \"Auschecken an...\" aufgelistet wird. \"Alle\" zeigt alle Verweise an, \"Lokal\" nur die lokalen Branches, \"Tags\" zeigt nur Tags an, und \"Remote\" zeigt nur Remotebranches an.",
	"config.ignoreLegacyWarning": "Ignoriert die Legacy-Git-Warnung.",
	"config.ignoreLimitWarning": "Ignoriert Warnung bei zu hoher Anzahl von Änderungen in einem Repository",
	"config.defaultCloneDirectory": "Das Standard-Verzeichnis für einen Klon eines Git-Repositorys",
	"config.enableSmartCommit": "Alle Änderungen committen, wenn keine Änderungen bereitgestellt sind."
}