{
	"command.clone": "複製",
	"command.init": "リポジトリの初期化",
	"command.refresh": "最新の情報に更新",
	"command.openChange": "変更を開く",
	"command.openFile": "ファイルを開く",
	"command.stage": "変更のステージング",
	"command.stageAll": "すべての変更のステージング",
	"command.stageSelectedRanges": "選択した範囲をステージする",
	"command.revertSelectedRanges": "選択範囲を元に戻す",
	"command.unstage": "変更のステージング解除",
	"command.unstageAll": "すべての変更のステージング解除",
	"command.unstageSelectedRanges": "選択した範囲をアンステージする",
	"command.clean": "変更を破棄",
	"command.cleanAll": "すべての変更を破棄",
	"command.commit": "Commit",
	"command.commitStaged": "ステージング済みをコミット",
	"command.commitStagedSigned": "コミットしてステージング (サインオフ)",
	"command.commitAll": "すべてコミット",
	"command.commitAllSigned": "すべてコミット (サインオフ)",
	"command.undoCommit": "前回のコミットを元に戻す",
	"command.checkout": "チェックアウト先...",
	"command.branch": "分岐の作成...",
	"command.deleteBranch": "ブランチの削除...",
	"command.pull": "プル",
	"command.pullRebase": "プル (リベース)",
	"command.push": "プッシュ",
	"command.pushTo": "プッシュ先...",
	"command.sync": "同期",
	"command.publish": "ブランチの発行",
	"command.showOutput": "Git 出力の表示",
	"config.enabled": "Git が有効になっているかどうか",
	"config.path": "Git 実行可能ファイルのパス",
	"config.autorefresh": "自動更新が有効かどうか",
	"config.autofetch": "自動フェッチが有効かどうか",
	"config.enableLongCommitWarning": "長いコミット メッセージについて警告するかどうか",
	"config.confirmSync": "Git リポジトリを同期する前に確認する",
	"config.countBadge": "Git バッジ カウンターを制御します。`all`  はすべての変更をカウントします。 `tracked` は追跡している変更のみカウントします。 `off` はカウントをオフします。",
	"config.checkoutType": "`Checkout to...` を実行するときに表示されるブランチの種類を制御します。`all` はすべての参照を表示します。`local` はローカル ブランチのみ、`tags`  はタグのみ、`remote` はリモート ブランチのみを表示します。 ",
	"config.ignoreLegacyWarning": "旧 Git の警告を無視します",
	"config.ignoreLimitWarning": "リポジトリ内に変更が多い場合は警告を無視します",
	"config.defaultCloneDirectory": "Git リポジトリをクローンする既定の場所",
	"config.enableSmartCommit": "ステージされた変更がない場合はすべての変更をコミットします。"
}