{
	"command.clone": "Clonar",
	"command.init": "Inicializar el repositorio",
	"command.refresh": "Actualizar",
	"command.openChange": "Abrir cambios",
	"command.openFile": "Abrir archivo",
	"command.stage": "Almacenar cambios provisionalmente",
	"command.stageAll": "Almacenar todos los cambios",
	"command.stageSelectedRanges": "Realizar copia intermedia de los intervalos seleccionados",
	"command.revertSelectedRanges": "Revertir los intervalos seleccionados",
	"command.unstage": "Cancelar almacenamiento provisional de los cambios",
	"command.unstageAll": "Cancelar almacenamiento provisional de todos los cambios",
	"command.unstageSelectedRanges": "Cancelar almacenamiento provisional de los intervalos seleccionados",
	"command.clean": "Descartar cambios",
	"command.cleanAll": "Descartar todos los cambios",
	"command.commit": "Confirmar",
	"command.commitStaged": "Confirmar almacenados provisionalmente",
	"command.commitStagedSigned": "Confirmar por etapas (Aprobado)",
	"command.commitAll": "Confirmar todo",
	"command.commitAllSigned": "Confirmar todo (aprobado)",
	"command.undoCommit": "Deshacer última confirmación",
	"command.checkout": "Desproteger en...",
	"command.branch": "Crear rama...",
	"command.deleteBranch": "Borrar rama...",
	"command.pull": "Incorporación de cambios",
	"command.pullRebase": "Incorporación de cambios (fusionar mediante cambio de base)",
	"command.push": "Insertar",
	"command.pushTo": "Insertar en...",
	"command.sync": "Sincronizar",
	"command.publish": "Publicar rama",
	"command.showOutput": "Mostrar salida de GIT",
	"config.enabled": "Si GIT está habilitado",
	"config.path": "Ruta de acceso del ejecutable de GIT",
	"config.autorefresh": "Indica si la actualización automática está habilitada",
	"config.autofetch": "Si la búsqueda automática está habilitada",
	"config.enableLongCommitWarning": "Si se debe advertir sobre los mensajes de confirmación largos",
	"config.confirmSync": "Confirmar antes de sincronizar repositorios GIT",
	"config.countBadge": "Controla el contador de insignia de Git. \"Todo\" cuenta todos los cambios. \"Seguimiento\" solamente cuenta los cambios realizados. \"Desactivado\" lo desconecta.",
	"config.checkoutType": "Controla el tipo de ramas listadas cuando ejecuta \"Desproteger\". \"Todo\" muetra todas las referencias, \"local\" solamente las ramas locales y \"remoto\" las ramas remotas.",
	"config.ignoreLegacyWarning": "Ignora las advertencias hereradas de Git",
	"config.ignoreLimitWarning": "\nIgnora advertencias cuando se encuentran muchos cambios en un repositorio.",
	"config.defaultCloneDirectory": "La ubicación predeterminada en la que se clona un repositorio git",
	"config.enableSmartCommit": "Confirmar todos los cambios cuando no hay elementos almacenados provisionalmente."
}