{
	"markdown.preview.doubleClickToSwitchToEditor.desc": "Fare doppio clic nell'anteprima markdown per passare all'editor.",
	"markdown.preview.fontFamily.desc": "Consente di controllare la famiglia di caratteri usata nell'anteprima markdown.",
	"markdown.preview.fontSize.desc": "Consente di controllare le dimensioni del carattere in pixel usate nell'anteprima markdown.",
	"markdown.preview.lineHeight.desc": "Consente di controllare l'altezza della riga usata nell'anteprima markdown. Questo numero è relativo alle dimensioni del carattere.",
	"markdown.preview.markEditorSelection.desc": "Contrassegna la selezione dell'editor corrente nell'anteprima markdown.",
	"markdown.preview.scrollEditorWithPreview.desc": "Quando si scorre l'anteprima markdown, aggiorna la visualizzazione dell'editor.",
	"markdown.preview.scrollPreviewWithEditorSelection.desc": "Scorre l'anteprima markdown in modo da visualizzare la riga attualmente selezionata dall'editor.",
	"markdown.preview.title": "Apri anteprima",
	"markdown.previewFrontMatter.dec": "Consente di impostare il rendering del front matter YAML nell'anteprima markdown. Con 'hide' il front matter viene rimosso; altrimenti il front matter viene considerato come contenuto markdown.",
	"markdown.previewSide.title": "Apri anteprima lateralmente",
	"markdown.showSource.title": "Mostra origine",
	"markdown.styles.dec": "Elenco di URL o percorsi locali dei fogli di stile CSS da usare dall'anteprima markdown. I percorsi relativi vengono interpretati come relativi alla cartella aperta nella finestra di esplorazione. Se non è presente alcuna cartella aperta, vengono interpretati come relativi al percorso del file markdown. Tutti i caratteri '\\' devono essere scritti come '\\\\'.",
	"markdown.showPreviewSecuritySelector.title": "Modifica impostazioni di sicurezza anteprima markdown",
	"markdown.preview.enableExperimentalExtensionApi.desc": "[Sperimentale] Consentire estensioni per estendere l'anteprima di markdown.",
	"markdown.trace.desc": "Abilitare la registrazione debug per l'estensione markdown."
}