{
	"typescript.reloadProjects.title": "Перезагрузить проект",
	"javascript.reloadProjects.title": "Перезагрузить проект",
	"configuration.typescript": "TypeScript",
	"typescript.useCodeSnippetsOnMethodSuggest.dec": "Дополните функции сигнатурами их параметров.",
	"typescript.tsdk.desc": "Указывает путь к папке, содержащей файлы tsserver и lib*.d.ts, которые необходимо использовать.",
	"typescript.disableAutomaticTypeAcquisition": "Отключает автоматическое получение типа. Требуется TypeScript 2.0.6 и более поздней версии и перезапуск после его изменения.",
	"typescript.check.tscVersion": "Проверка отличия компилятора TypeScript глобальной установки (например, tsc) от используемой языковой службы TypeScript.",
	"typescript.tsserver.log": "Включает ведение журнала для сервера TS. Этот журнал можно использовать для диагностики проблем сервера TS. В журнале могут содержаться пути к файлам, исходный код и другие сведения из вашего проекта, в том числе носящие конфиденциальный характер.",
	"typescript.tsserver.trace": "Включает трассировку сообщений, отправляемых на сервер TS. Эту трассировку можно использовать для диагностики проблем сервера TS. Трассировка может содержать пути к файлам, исходный код и другие сведения из вашего проекта, в том числе конфиденциальные данные.",
	"typescript.tsserver.experimentalAutoBuild": "Включает экспериментальную автосборку. Требуется версия 1.9 dev или версия 2.x tsserver и перезапуск VS Code после изменения.",
	"typescript.validate.enable": "Включение или отключение проверки TypeScript.",
	"typescript.format.enable": "Включение или отключение модуля форматирования TypeScript по умолчанию.",
	"javascript.format.enable": "Включение или отключение модуля форматирования JavaScript по умолчанию.",
	"format.insertSpaceAfterCommaDelimiter": "Определяет метод обработки пробелов после разделителя-запятой.",
	"format.insertSpaceAfterSemicolonInForStatements": " Определяет метод обработки пробелов после точки с запятой в операторе for.",
	"format.insertSpaceBeforeAndAfterBinaryOperators": "Определяет метод обработки пробелов после двоичного оператора.",
	"format.insertSpaceAfterKeywordsInControlFlowStatements": "Определяет метод обработки пробелов после ключевых слов в операторе управления потоком выполнения.",
	"format.insertSpaceAfterFunctionKeywordForAnonymousFunctions": "Определяет метод обработки пробелов после ключевого слова function у анонимных функций.",
	"format.insertSpaceBeforeFunctionParenthesis": "Определяет метод обработки пробелов перед скобками аргумента функции. Требует TypeScript >= 2.1.5.",
	"format.insertSpaceAfterOpeningAndBeforeClosingNonemptyParenthesis": "Определяет метод обработки пробелов после открытия и до закрытия непустых круглых скобок.",
	"format.insertSpaceAfterOpeningAndBeforeClosingNonemptyBrackets": "Определяет метод обработки пробелов после открытия и до закрытия непустых квадратных скобок.",
	"format.insertSpaceAfterOpeningAndBeforeClosingNonemptyBraces": "Определяет метод обработки пробелов после открытия и до закрытия непустых скобок. Требуется TypeScript 2.3.0 или более поздней версии.",
	"format.insertSpaceAfterOpeningAndBeforeClosingTemplateStringBraces": "Определяет метод обработки пробелов после открытия и до закрытия скобок в строке шаблона. Требуется TypeScript 2.0.6 или более поздней версии.",
	"format.insertSpaceAfterOpeningAndBeforeClosingJsxExpressionBraces": "Определяет метод обработки пробелов после открытия и до закрытия скобок выражения JSX. Требуется TypeScript 2.0.6 или более поздней версии.",
	"format.placeOpenBraceOnNewLineForFunctions": "Определяет, ставится ли открывающая фигурная скобка с новой строки в функциях.",
	"format.placeOpenBraceOnNewLineForControlBlocks": "Определяет, ставится ли открывающая фигурная скобка с новой строки в блоках управления.",
	"javascript.validate.enable": "Включение или отключение проверки JavaScript.",
	"typescript.goToProjectConfig.title": "Перейти к конфигурации проекта",
	"javascript.goToProjectConfig.title": "Перейти к конфигурации проекта",
	"javascript.referencesCodeLens.enabled": "Включить/отключить ссылки CodeLens для файлов JavaScript.",
	"typescript.referencesCodeLens.enabled": "Включить/отключить ссылки CodeLens для файлов TypeScript. Требуется TypeScript версии 2.0.6 или более поздней версии.",
	"typescript.implementationsCodeLens.enabled": "Включить или отключить CodeLens для реализаций. Требуется TypeScript >= 2.2.0.",
	"typescript.openTsServerLog.title": "Открыть журнал сервера TS",
	"typescript.restartTsServer": "Перезапустить сервер TS",
	"typescript.selectTypeScriptVersion.title": "Выберите версию TypeScript.",
	"jsDocCompletion.enabled": "Включить или отключить JSDoc коментарии",
	"javascript.implicitProjectConfig.checkJs": "Включает/отключает семантическую проверку файлов JavaScript. Этот параметр может переопределяться в файле jsconfig.json или tsconfig.json. Требуется TypeScript 2.3.1 или более поздней версии.",
	"typescript.npm": "Указывает путь к исполняемому файлу NPM, используемому для автоматического получения типа. Требуется TypeScript версии 2.3.4 или более поздней версии.",
	"typescript.check.npmIsInstalled": "Проверяет, установлен ли NPM для автоматического получения типов.",
	"javascript.nameSuggestions": "Включить/отключить использование уникальных имен из файла в списках предложений JavaScript.",
	"typescript.tsc.autoDetect": "Включает или отключает автоматическое определние заданий tsc."
}